{"resourceType":"SearchParameter","id":"PDSm-List-authorOrg","text":{"status":"generated","div":"<div xmlns=\"http://www.w3.org/1999/xhtml\"><p class=\"res-header-id\"><b>Narratif généré : ParamètreRecherche PDSm-List-authorOrg</b></p><a name=\"PDSm-List-authorOrg\"> </a><a name=\"hcPDSm-List-authorOrg\"> </a><h2>PDSmAuthorOrg</h2><p>Paramètre <code>authorOrg</code>:<code>reference</code></p><div><p>Recherche sur l'auteur d'une organisation</p>\n</div><table class=\"grid\"><tr><td>Ressource</td><td><a href=\"http://hl7.org/fhir/R4/list.html\">List</a></td></tr><tr><td>Expression</td><td><code>List.extension.where(url='https://profiles.ihe.net/ITI/MHD/StructureDefinition/ihe-authorOrg').value</code></td></tr><tr><td>Multiples</td><td><ul><li>multipleAnd : Cest au serveur de décider si le paramètre peut se répéter pour spécifier plusieurs valeurs qui doivent toutes être vraies</li><li>multipleOr : Cest au serveur de décider si le paramètre peut avoir plusieurs valeurs (séparées par des virgules) dont au moins une doit être vraie</li></ul></td></tr></table></div>"},"url":"https://interop.esante.gouv.fr/ig/fhir/pdsm/SearchParameter/PDSm-List-authorOrg","version":"3.1.1","name":"PDSmAuthorOrg","status":"active","date":"2026-01-15T13:14:51+00:00","publisher":"ANS","contact":[{"name":"ANS","telecom":[{"system":"url","value":"https://esante.gouv.fr"}]}],"description":"Recherche sur l'auteur d'une organisation","jurisdiction":[{"coding":[{"system":"urn:iso:std:iso:3166","code":"FR","display":"FRANCE"}]}],"purpose":"Paramètre de recherche créé pour le volet PDSm de manière à pouvoir utiliser comme critère de recherche l'auteur quand celui-ci correspond à une organisation","code":"authorOrg","base":["List"],"type":"reference","expression":"List.extension.where(url='https://profiles.ihe.net/ITI/MHD/StructureDefinition/ihe-authorOrg').value"}