{"resourceType":"SearchParameter","id":"PDSm-DocumentReference-period-start","text":{"status":"generated","div":"<div xmlns=\"http://www.w3.org/1999/xhtml\"><p class=\"res-header-id\"><b>Narratif généré : ParamètreRecherche PDSm-DocumentReference-period-start</b></p><a name=\"PDSm-DocumentReference-period-start\"> </a><a name=\"hcPDSm-DocumentReference-period-start\"> </a><h2>PDSmDocumentReferencePeriodStart</h2><p>Paramètre <code>period-start</code>:<code>date</code></p><div><p>Paramètre de recherche créé pour le volet PDSm de manière à pouvoir utiliser comme critère de recherche l'élément context.period.start correspondant à lobjet dateDebutActe</p>\n</div><table class=\"grid\"><tr><td>Ressource</td><td><a href=\"http://hl7.org/fhir/R4/documentreference.html\">DocumentReference</a></td></tr><tr><td>Expression</td><td><code>DocumentReference.context.period.start</code></td></tr><tr><td>Multiples</td><td><ul><li>multipleAnd : Le paramètre peut se répéter pour spécifier plusieurs valeurs qui doivent toutes être vraies</li><li>multipleOr : Le paramètre peut avoir plusieurs valeurs (séparées par des virgules) dont au moins une doit être vraie</li></ul></td></tr></table></div>"},"url":"https://interop.esante.gouv.fr/ig/fhir/pdsm/SearchParameter/PDSm-DocumentReference-period-start","version":"3.1.0","name":"PDSmDocumentReferencePeriodStart","status":"active","date":"2021-10-21T14:10:19.3001986+00:00","publisher":"ANS","contact":[{"name":"ANS","telecom":[{"system":"url","value":"https://esante.gouv.fr"}]}],"description":"Paramètre de recherche créé pour le volet PDSm de manière à pouvoir utiliser comme critère de recherche l'élément context.period.start correspondant à lobjet dateDebutActe","jurisdiction":[{"coding":[{"system":"urn:iso:std:iso:3166","code":"FR","display":"FRANCE"}]}],"code":"period-start","base":["DocumentReference"],"type":"date","expression":"DocumentReference.context.period.start","multipleOr":true,"multipleAnd":true}